식품명,대분류,소분류,기준량,에너지(kcal),탄수화물(g),단백질(g),지방(g),당류(g),식이섬유(g),나트륨(mg),식품중량
고추잡채,메인 반찬,볶음류,100ml,69.0,4.27,4.19,4.01,1.51,1.6,160.0,400.0
고추장볶음,메인 반찬,볶음류,100ml,396.0,34.64,9.54,25.57,14.29,3.6,1670.0,54.0
고추장아찌 무침,서브 반찬2,생채·무침류,100ml,62.0,13.91,1.54,0.9,4.8,3.1,697.0,37.0
고등어찌개,국,찌개 및 전골류,100ml,38.0,2.02,3.5,1.69,0.9,0.5,193.0,451.0
고등어찜,메인 반찬,찜류,100ml,92.0,3.21,8.57,4.88,1.02,1.4,159.0,191.0
고등어튀김,서브 반찬,튀김류,100ml,126.0,2.29,6.23,9.68,0.08,0.1,262.0,100.0
고디국(다슬기맑은국),국,국 및 탕류,100ml,17.0,1.57,1.36,0.71,0.23,0.9,96.0,300.0
고사리나물,서브 반찬2,나물·숙채류,100ml,56.0,4.89,3.73,3.14,0.38,3.7,1301.0,82.0
고등어구이,메인 반찬,구이류,100ml,185.0,4.52,13.11,12.04,0.08,0.13,277.0,103.33
고등어조림,메인 반찬,조림류,100ml,99.5,5.38,9.02,4.54,2.3,1.6,381.5,152.5
고구마튀김,서브 반찬,튀김류,100ml,193.0,29.37,2.7,6.87,5.91,1.9,17.0,166.0
고기만두,메인 반찬,만두류,100ml,114.0,16.96,5.87,2.16,0.16,1.3,173.0,382.0
고구마밥,밥,밥류,100ml,139.0,30.47,2.31,0.35,1.6,1.0,2.0,272.0
고구마줄기나물,서브 반찬2,나물·숙채류,100ml,29.33,3.53,1.07,1.3,0.38,1.97,156.0,96.67
계란빵,서브 반찬,빵 및 과자류,100ml,158.0,27.72,5.94,1.81,1.38,0.9,191.0,150.0
고구마맛탕,서브 반찬,튀김류,100ml,209.0,40.14,1.0,4.95,12.48,2.4,6.0,152.0
게맛살튀김,서브 반찬,튀김류,100ml,213.0,26.31,6.09,8.61,1.57,0.5,440.0,167.0
게조림,메인 반찬,조림류,100ml,93.0,1.48,18.88,0.81,0.67,0.2,656.0,132.0
겨자채,서브 반찬2,생채·무침류,100ml,120.0,4.02,5.43,8.88,2.31,1.0,18.0,150.0
검정콩밥,밥,밥류,100ml,121.0,24.31,3.21,0.81,0.35,1.2,1.0,300.0
강낭콩밥,밥,밥류,100ml,112.0,23.99,2.31,0.34,0.14,1.1,1.0,300.0
건새우 미역국,국,국 및 탕류,100ml,28.0,0.92,3.84,1.04,0.0,0.6,364.0,320.0
건새우볶음,메인 반찬,볶음류,100ml,109.0,5.45,9.9,5.12,1.52,0.5,944.0,100.0
감자탕,국,찌개 및 전골류,100ml,68.0,3.36,4.66,3.96,0.4,1.3,145.0,420.0
감자튀김,서브 반찬,튀김류,100ml,103.0,14.28,1.9,4.36,0.0,2.6,376.0,201.0
곰탕,국,국 및 탕류,100ml,140.0,12.67,7.54,5.94,0.64,0.6,558.0,195.0
곤드레밥,밥,밥류,100ml,124.0,26.8,2.23,0.94,0.15,4.4,9.0,500.0
곤약조림,메인 반찬,조림류,100ml,31.0,5.19,0.82,1.46,1.5,2.1,235.0,122.0
골뱅이무침,서브 반찬2,생채·무침류,100ml,69.0,10.29,5.98,0.84,6.24,1.7,386.0,150.0
고추조림,메인 반찬,조림류,100ml,37.0,5.95,2.5,0.57,1.08,1.65,405.0,80.0
고추튀김,서브 반찬,튀김류,100ml,218.0,26.51,5.91,9.24,0.84,2.8,278.0,65.0
고춧잎나물,서브 반찬2,나물·숙채류,100ml,41.0,7.13,3.83,0.68,0.39,2.2,131.0,70.0
기장밥,밥,밥류,100ml,114.5,24.52,2.26,0.35,0.16,0.65,1.0,410.0
근대 된장국,국,국 및 탕류,100ml,12.0,1.66,0.93,0.29,0.31,0.9,232.0,320.0
근대나물,서브 반찬2,나물·숙채류,100ml,56.0,6.4,2.54,2.85,0.88,2.9,460.0,100.0
굴비구이,메인 반찬,구이류,100ml,530.0,0.6,59.2,29.73,0.0,0.0,549.0,52.0
굴전,서브 반찬,전·적 및 부침류,100ml,213.0,13.98,11.92,11.55,1.02,0.6,483.0,74.0
군만두,메인 반찬,만두류,100ml,219.0,25.22,8.51,9.25,0.44,5.3,237.0,257.0
굴 미역국,국,국 및 탕류,100ml,16.0,1.9,1.89,0.47,0.12,1.2,382.0,280.0
굴국,국,국 및 탕류,100ml,18.0,0.98,1.95,0.65,0.14,0.3,233.0,320.0
과일샐러드,서브 반찬2,생채·무침류,100ml,108.0,15.1,0.53,5.67,12.12,2.5,37.0,135.0
광어 매운탕,국,찌개 및 전골류,100ml,62.0,2.6,8.96,1.74,0.61,1.0,54.0,600.0
김치볶음,메인 반찬,볶음류,100ml,65.0,4.51,3.74,3.55,2.32,2.34,373.2,151.4
김치국,국,국 및 탕류,100ml,13.0,1.71,0.92,0.33,0.64,1.0,231.5,227.5
김치만두,메인 반찬,만두류,100ml,28.0,3.4,1.84,0.72,0.11,0.4,177.0,1211.0
김치 고기만두,메인 반찬,만두류,100ml,294.0,42.4,16.23,5.23,1.44,3.4,552.0,118.0
김치 돼지고기볶음,메인 반찬,볶음류,100ml,113.0,4.26,8.11,6.61,2.27,2.0,294.0,50.0
김치 된장국,국,국 및 탕류,100ml,15.0,1.97,1.08,0.38,0.71,1.1,239.0,280.0
김치 청국장찌개,국,찌개 및 전골류,100ml,29.0,3.04,2.55,0.72,0.68,1.4,197.0,340.0
김치 콩나물국,국,국 및 탕류,100ml,10.0,1.12,1.16,0.24,0.38,0.7,181.0,320.0
김밥,밥,밥류,100ml,125.0,20.71,4.36,2.5,0.74,1.18,202.5,382.5
김부각,서브 반찬,튀김류,100ml,415.0,55.06,14.91,18.8,0.81,11.2,342.0,19.0
김말이튀김,서브 반찬,튀김류,100ml,132.0,19.56,1.06,5.42,0.02,0.6,183.0,100.0
꽈리고추찜,메인 반찬,찜류,100ml,36.0,6.55,1.31,0.68,0.89,1.3,155.0,110.0
낙지 덮밥,밥,밥류,100ml,92.0,16.1,3.82,1.23,2.35,1.2,146.0,900.0
꽃게장,김치,젓갈류,100ml,98.0,9.66,12.68,1.31,4.01,4.1,394.0,50.0
꽃게탕,국,찌개 및 전골류,100ml,31.0,2.12,4.86,0.28,0.95,0.7,309.0,296.0
꽈리고추볶음,메인 반찬,볶음류,100ml,123.67,9.62,7.03,6.5,3.54,1.63,636.33,87.0
꽁치구이,메인 반찬,구이류,100ml,196.0,2.81,21.64,10.1,0.0,0.1,279.0,100.0
꽁치조림,메인 반찬,조림류,100ml,86.33,5.63,10.0,2.55,2.22,1.63,371.0,175.0
꽁치튀김,서브 반찬,튀김류,100ml,105.0,2.4,5.31,7.84,0.0,0.1,222.0,100.0
꼬리곰탕,국,국 및 탕류,100ml,113.0,6.99,6.89,6.15,0.86,0.5,417.0,217.0
꼬막찜,메인 반찬,찜류,100ml,121.0,12.33,13.29,2.13,6.93,2.4,1271.0,98.0
깻잎장아찌,김치,장아찌·절임류,100ml,65.0,12.9,3.73,0.72,5.28,3.9,520.0,82.0
깻잎전,서브 반찬,전·적 및 부침류,100ml,215.0,17.53,11.9,10.21,0.05,1.8,856.0,72.0
깻잎찜,메인 반찬,찜류,100ml,30.0,4.59,1.67,0.91,1.36,1.7,277.0,50.0
껍질콩볶음,메인 반찬,볶음류,100ml,98.0,9.35,3.34,5.08,2.53,1.2,207.0,150.0
깻잎김치,김치,김치류,100ml,45.0,7.35,3.07,1.2,1.52,4.0,1766.0,115.0
깻잎나물,서브 반찬2,나물·숙채류,100ml,47.0,6.25,2.79,1.91,0.65,3.4,335.0,70.0
김치찜,메인 반찬,찜류,100ml,53.5,3.82,4.3,2.31,1.15,1.8,239.5,310.0
깐풍기,서브 반찬,튀김류,100ml,156.0,6.93,16.11,6.23,0.23,0.4,658.0,164.0
김치찌개,국,찌개 및 전골류,100ml,43.5,2.99,3.2,2.07,0.96,1.34,239.25,265.0
김치순두부,국,찌개 및 전골류,100ml,34.33,1.56,3.89,1.35,0.77,0.77,168.33,213.33
김치전,서브 반찬,전·적 및 부침류,100ml,126.0,15.56,3.57,5.03,1.36,1.8,370.0,70.0
달걀부침(달걀후라이),서브 반찬,전·적 및 부침류,100ml,184.0,3.07,11.04,13.46,0.2,0.0,306.0,70.0
달걀조림,메인 반찬,조림류,100ml,84.0,4.36,6.98,3.92,2.51,0.1,507.0,94.0
달걀찜,메인 반찬,찜류,100ml,94.0,1.94,8.66,5.32,0.57,0.3,561.5,145.0
달걀말이,서브 반찬,전·적 및 부침류,100ml,146.33,2.61,9.54,10.28,0.73,0.3,493.0,84.0
단호박조림,메인 반찬,조림류,100ml,71.0,15.18,2.23,0.94,4.4,4.5,815.0,100.0
달걀 샐러드,서브 반찬2,생채·무침류,100ml,158.0,6.48,5.93,11.9,0.81,0.7,223.0,159.0
달걀국,국,국 및 탕류,100ml,19.0,0.53,1.73,1.01,0.18,0.2,205.0,260.0
다시마무침,서브 반찬2,생채·무침류,100ml,60.0,6.96,3.06,3.35,0.96,3.4,501.0,64.0
다시마튀각,서브 반찬,튀김류,100ml,246.0,9.97,1.06,23.61,4.11,4.7,448.0,100.0
단무지무침,서브 반찬2,생채·무침류,100ml,41.0,5.51,1.02,1.78,2.27,3.3,611.0,60.0
느타리버섯볶음,메인 반찬,볶음류,100ml,40.0,4.28,1.78,2.69,1.38,2.1,213.0,120.0
느타리버섯튀김,서브 반찬,튀김류,100ml,227.0,19.17,6.37,13.64,0.33,1.3,552.0,60.0
녹두빈대떡,서브 반찬,전·적 및 부침류,100ml,249.0,31.36,13.39,7.48,1.45,1.5,275.0,109.0
냉이 된장국,국,국 및 탕류,100ml,20.0,2.46,2.06,0.43,0.57,1.3,272.0,320.0
냉이초나물,서브 반찬2,나물·숙채류,100ml,77.0,12.32,4.16,2.47,2.92,4.7,261.0,100.0
넙치구이,메인 반찬,구이류,100ml,116.0,0.03,13.63,6.33,0.0,0.0,615.0,114.0
노각무침,서브 반찬2,생채·무침류,100ml,20.0,3.98,0.86,0.43,2.15,1.2,332.0,85.0
난자완스,서브 반찬,튀김류,100ml,194.0,10.36,7.76,13.47,0.9,1.0,357.0,200.0
낙지 비빔밥,밥,밥류,100ml,88.0,14.72,4.28,1.31,1.25,1.0,176.0,900.0
낙지무침,서브 반찬2,생채·무침류,100ml,59.0,4.5,9.62,0.38,1.53,1.3,452.0,150.0
낙지볶음,메인 반찬,볶음류,100ml,89.0,7.07,11.48,1.64,3.28,1.25,533.5,180.5
닭찜,메인 반찬,찜류,100ml,117.0,7.92,9.48,5.09,1.97,0.97,246.67,270.0
닭튀김,서브 반찬,튀김류,100ml,197.0,15.56,19.13,5.85,3.78,0.7,586.0,157.5
닭튀김 샐러드,서브 반찬2,생채·무침류,100ml,79.0,3.98,3.79,5.3,1.0,0.8,102.0,300.0
닭죽,국,죽 및 스프류,100ml,111.0,17.35,6.61,1.3,0.87,0.75,148.5,255.5
닭볶음(닭갈비),메인 반찬,볶음류,100ml,165.5,14.5,13.93,5.76,4.62,1.9,308.0,210.0
닭조림,메인 반찬,조림류,100ml,117.0,6.4,10.45,5.42,1.99,1.0,220.0,340.0
닭도리탕,메인 반찬,조림류,100ml,122.0,8.85,9.82,5.33,2.82,1.5,277.0,300.0
닭백숙,국,국 및 탕류,100ml,102.0,12.78,10.14,0.7,0.35,0.3,519.0,270.0
닭날개구이,메인 반찬,구이류,100ml,218.0,2.34,21.57,12.64,1.48,0.2,156.0,105.0
닭다리구이,메인 반찬,구이류,100ml,209.0,0.13,19.87,13.7,0.0,0.0,664.0,112.0
닭다리조림,메인 반찬,조림류,100ml,182.0,9.19,14.01,8.86,3.22,1.7,156.0,87.0
닭고기 탕수,서브 반찬,튀김류,100ml,95.0,8.8,7.39,3.15,2.66,0.4,60.0,230.0
닭고기냉채,서브 반찬2,생채·무침류,100ml,73.0,5.74,10.84,0.93,3.24,1.6,21.0,150.0
닭고기육개장,국,국 및 탕류,100ml,28.0,1.52,2.64,1.32,0.4,0.7,141.0,440.0
닭곰탕,국,국 및 탕류,100ml,48.0,3.32,4.3,1.83,0.32,0.2,238.0,280.0
닭구이,메인 반찬,구이류,100ml,119.0,0.58,24.44,1.46,0.01,0.2,302.0,69.0
닭가슴살 샐러드,서브 반찬2,생채·무침류,100ml,37.0,2.03,4.1,1.36,1.21,0.7,56.0,300.0
닭강정,서브 반찬,튀김류,100ml,219.0,21.41,17.95,6.21,4.63,0.2,174.0,183.0
닭고기 덮밥,밥,밥류,100ml,97.0,16.4,5.32,0.7,0.92,0.5,120.0,634.0
닭고기 미역국,국,국 및 탕류,100ml,21.0,0.71,3.17,0.74,0.01,0.6,191.0,280.0
닭고기 샐러드,서브 반찬2,생채·무침류,100ml,109.0,3.17,8.61,6.85,1.08,1.0,359.0,114.0
달걀후라이,서브 반찬,전·적 및 부침류,100ml,184.0,3.07,11.04,13.46,0.2,0.0,306.0,70.0
달래무침,서브 반찬2,생채·무침류,100ml,60.0,8.6,2.07,2.5,3.53,2.5,564.5,98.5
대합 미역국,국,국 및 탕류,100ml,7.0,0.67,0.74,0.22,0.04,0.2,76.0,320.0
대합죽,국,죽 및 스프류,100ml,136.0,21.76,3.23,3.49,0.1,0.3,199.0,200.0
대구 매운탕,국,찌개 및 전골류,100ml,54.0,2.62,9.22,0.8,0.91,1.2,492.0,292.0
대구지리,국,찌개 및 전골류,100ml,37.0,1.98,6.55,0.49,0.22,1.1,335.0,250.0
대구찜,메인 반찬,찜류,100ml,57.0,3.32,8.32,1.18,1.02,1.4,170.0,191.0
도토리묵무침,서브 반찬2,생채·무침류,100ml,63.0,12.24,0.99,1.2,1.05,1.9,269.0,115.5
돈가스,서브 반찬,튀김류,100ml,149.0,9.33,8.95,7.89,0.52,0.5,119.0,100.0
도라지생채,서브 반찬2,생채·무침류,100ml,82.67,11.9,6.63,1.29,4.85,2.43,496.0,94.67
도루묵조림,메인 반찬,조림류,100ml,101.0,5.51,11.25,3.08,1.53,0.7,196.0,123.0
도라지나물,서브 반찬2,나물·숙채류,100ml,117.0,12.85,1.97,6.74,1.13,4.1,856.0,75.0
된장국,국,국 및 탕류,100ml,17.12,2.0,1.35,0.55,0.46,1.05,243.38,282.5
돼지사태찜,메인 반찬,찜류,100ml,83.0,7.02,7.63,2.65,2.76,1.1,207.0,177.0
돼지등심 장조림,메인 반찬,조림류,100ml,117.0,5.24,15.43,2.95,3.53,0.1,414.0,98.0
돼지머리국밥,밥,밥류,100ml,68.0,11.03,2.17,1.48,0.22,0.4,100.0,932.0
돼지불고기,메인 반찬,구이류,100ml,85.0,5.04,8.64,3.34,2.57,0.8,218.0,310.0
돼지고기볶음,메인 반찬,볶음류,100ml,127.0,8.5,10.53,5.58,4.06,1.78,339.4,225.0
돼지고기찌개,국,찌개 및 전골류,100ml,57.0,2.74,4.1,3.14,0.66,0.7,154.0,360.0
돼지고기 장조림,메인 반찬,조림류,100ml,150.0,7.25,16.26,5.6,2.02,0.5,1228.0,50.0
돼지고기강정,서브 반찬,튀김류,100ml,178.0,8.12,14.39,9.09,1.94,0.1,517.0,163.0
돼지갈비찜,메인 반찬,찜류,100ml,137.5,4.79,10.48,8.1,2.29,0.4,250.0,340.0
돼지고기 꼬치구이,메인 반찬,구이류,100ml,179.0,2.75,26.92,5.86,1.7,0.3,119.0,105.0
돼지고기 스테이크,메인 반찬,구이류,100ml,109.0,5.6,13.82,3.08,2.56,1.4,371.0,111.0
동태튀김,서브 반찬,튀김류,100ml,147.0,8.41,10.67,7.15,0.02,0.3,819.0,120.0
돼지갈비구이,메인 반찬,구이류,100ml,202.0,8.82,13.39,12.29,4.79,0.4,367.0,141.0
동태전,서브 반찬,전·적 및 부침류,100ml,115.0,5.15,8.92,6.02,0.01,0.2,430.0,70.0
동태조림,메인 반찬,조림류,100ml,64.0,4.51,10.05,0.51,1.86,0.9,371.0,230.0
동태찌개,국,찌개 및 전골류,100ml,44.0,3.91,5.52,0.81,1.47,1.1,221.0,327.0
동태찜,메인 반찬,찜류,100ml,50.0,2.75,7.59,1.03,0.86,1.1,206.0,232.0
돌나물,서브 반찬2,생채·무침류,100ml,44.0,8.68,1.16,1.04,4.22,1.4,226.0,90.0
돌나물무침,서브 반찬2,생채·무침류,100ml,44.0,8.69,1.16,1.03,4.22,1.4,223.0,90.0
돌솥 비빔밥,밥,밥류,100ml,101.0,17.46,3.43,1.78,1.05,1.2,93.0,575.0
동태 매운탕,국,찌개 및 전골류,100ml,25.0,1.98,3.25,0.5,0.54,0.8,184.0,610.0
동태국,국,국 및 탕류,100ml,29.0,1.56,4.24,0.62,0.39,0.8,325.0,320.0
떡국,국,국 및 탕류,100ml,92.5,17.9,3.08,1.09,0.16,0.68,257.0,555.0
땅콩조림,메인 반찬,조림류,100ml,258.0,16.02,11.95,18.15,5.04,4.2,479.0,95.0
땅콩죽,국,죽 및 스프류,100ml,146.0,24.78,3.85,3.31,0.37,1.0,189.0,198.0
두부찌개,국,찌개 및 전골류,100ml,53.0,3.82,4.73,2.11,1.05,1.3,343.0,197.67
두부튀김,서브 반찬,튀김류,100ml,128.0,10.08,6.72,6.5,0.85,1.9,276.0,146.0
들깨국,국,국 및 탕류,100ml,15.0,1.66,0.63,0.76,0.45,0.6,170.0,270.0
들깨죽,국,죽 및 스프류,100ml,152.0,21.16,3.72,5.83,0.25,2.5,630.0,213.0
두부전,서브 반찬,전·적 및 부침류,100ml,151.0,4.34,10.17,9.91,0.02,2.7,91.0,160.0
두부조림,메인 반찬,조림류,100ml,142.0,10.25,11.5,6.18,2.69,4.4,464.0,120.0
두부냉채,서브 반찬2,생채·무침류,100ml,77.0,4.39,8.69,2.81,1.25,1.7,303.0,150.0
두부볶음,메인 반찬,볶음류,100ml,197.0,13.12,12.41,10.52,3.68,2.9,246.0,113.0
두부부침,서브 반찬,전·적 및 부침류,100ml,147.0,4.12,10.5,9.57,0.0,3.2,307.0,110.0
두부 된장국,국,국 및 탕류,100ml,25.5,1.83,2.02,1.16,0.39,0.9,226.0,280.0
두부 청국장찌개,국,찌개 및 전골류,100ml,36.0,3.83,3.3,0.9,0.76,1.75,323.0,255.0
두부국,국,국 및 탕류,100ml,19.0,1.25,1.81,0.83,0.22,0.6,185.0,270.0
두부김치,메인 반찬,볶음류,100ml,108.0,5.12,7.8,6.13,1.02,3.7,512.0,224.0
된장찌개,국,찌개 및 전골류,100ml,44.71,4.46,3.93,1.36,0.94,1.89,395.86,261.71
두부 달걀찜,메인 반찬,찜류,100ml,75.0,3.05,6.17,4.06,0.49,1.6,142.0,125.0
떡볶이,메인 반찬,볶음류,100ml,106.8,21.44,2.7,1.42,3.34,1.12,299.8,247.0
떡산적,서브 반찬,전·적 및 부침류,100ml,157.0,18.95,9.0,5.16,2.92,1.9,418.0,146.0
떡만두국,국,국 및 탕류,100ml,68.0,11.43,2.49,1.4,0.19,0.97,202.33,715.67
런천미트구이,메인 반찬,구이류,100ml,302.0,11.12,21.63,18.95,1.3,0.0,1091.0,42.0
라볶이,메인 반찬,볶음류,100ml,108.0,17.85,1.9,3.16,1.04,1.0,150.0,476.0
마카로니 샐러드,서브 반찬2,생채·무침류,100ml,138.0,13.76,2.35,7.98,2.75,1.2,125.0,170.0
마늘쫑볶음,메인 반찬,볶음류,100ml,85.25,8.98,4.4,3.84,4.19,2.08,431.5,94.0
마늘쫑장아찌무침,서브 반찬2,생채·무침류,100ml,79.0,17.75,1.25,0.58,8.15,2.9,706.0,50.0
마늘쫑무침,서브 반찬2,생채·무침류,100ml,68.0,14.55,1.63,1.14,6.25,3.3,281.0,80.0
멸치볶음,메인 반찬,볶음류,100ml,142.5,6.3,13.96,6.9,2.0,0.75,649.5,47.5
멸치조림,메인 반찬,조림류,100ml,150.0,6.5,14.97,6.69,3.2,0.1,1121.0,60.0
멕시컨샐러드,서브 반찬2,생채·무침류,100ml,118.0,4.04,5.78,8.92,2.2,1.1,403.0,166.0
멸치 미역국,국,국 및 탕류,100ml,9.0,0.71,1.05,0.39,0.0,0.4,375.0,320.0
메밀묵국,국,국 및 탕류,100ml,65.0,12.03,1.62,1.27,1.45,1.8,249.0,144.0
메추리알 돼지고기장조림,메인 반찬,조림류,100ml,116.0,4.75,11.3,5.38,1.82,0.3,319.0,250.0
메추리알 어묵조림,메인 반찬,조림류,100ml,156.0,15.39,9.27,6.19,7.23,0.6,805.0,67.0
메추리알장조림,메인 반찬,조림류,100ml,152.0,8.99,11.32,6.79,2.61,0.4,973.0,66.0
메밀묵 무침,서브 반찬2,생채·무침류,100ml,65.0,12.05,1.62,1.27,1.46,1.8,249.0,144.0
머위나물,서브 반찬2,나물·숙채류,100ml,31.0,3.07,2.21,1.56,0.19,2.2,721.0,100.0
만두탕수,메인 반찬,만두류,100ml,85.0,11.04,2.88,3.28,1.65,1.9,96.0,520.0
맛살전,서브 반찬,전·적 및 부침류,100ml,231.0,29.76,9.87,7.47,3.11,0.5,966.0,91.0
망둥어찜,메인 반찬,찜류,100ml,52.0,2.96,8.53,0.7,0.68,1.2,202.0,175.0
매운 어묵볶음,메인 반찬,볶음류,100ml,90.0,11.03,5.06,2.94,2.38,0.5,397.0,100.0
만두국,국,국 및 탕류,100ml,55.0,6.54,2.96,1.91,0.36,1.5,190.5,490.0
마파두부,메인 반찬,볶음류,100ml,139.0,9.54,8.22,7.42,1.99,2.8,397.0,100.0
미나리나물,서브 반찬2,나물·숙채류,100ml,22.67,3.32,1.09,0.9,1.49,1.7,218.33,56.67
미나리무침,서브 반찬2,생채·무침류,100ml,20.0,3.22,0.92,0.68,1.69,1.5,141.0,75.0
미소된장국,국,국 및 탕류,100ml,21.0,2.04,1.58,0.83,0.36,1.1,302.0,230.0
물만두,메인 반찬,만두류,100ml,97.0,13.08,6.65,2.34,0.06,1.3,93.0,382.0
미나리 초무침,서브 반찬2,생채·무침류,100ml,41.0,8.87,1.7,0.48,5.47,2.8,475.0,98.0
묵밥,밥,밥류,100ml,70.0,12.99,2.57,0.74,0.43,1.1,93.0,600.0
무생채,서브 반찬2,생채·무침류,100ml,39.25,7.06,1.5,0.85,3.59,1.85,472.5,106.25
무조림,메인 반찬,조림류,100ml,47.0,8.57,2.42,0.73,2.82,2.2,1035.0,79.0
무생채(무만),서브 반찬2,생채·무침류,100ml,30.0,5.77,1.03,0.56,2.57,1.8,249.0,120.0
무국,국,국 및 탕류,100ml,23.8,1.93,1.65,1.07,0.58,0.52,200.4,296.0
무나물,서브 반찬2,나물·숙채류,100ml,19.0,1.78,0.32,1.23,0.68,0.5,222.0,70.0
무말랭이무침,서브 반찬2,생채·무침류,100ml,88.0,16.82,3.34,1.2,5.28,5.9,317.0,85.0
무 어묵조림,메인 반찬,조림류,100ml,109.0,14.58,6.25,3.06,4.13,0.6,623.0,107.0
무 파래무침,서브 반찬2,생채·무침류,100ml,23.0,4.86,1.07,0.38,2.62,1.2,221.0,130.0
무 된장국,국,국 및 탕류,100ml,19.0,2.14,1.63,0.42,0.72,0.8,259.0,320.0
무 북어국,국,국 및 탕류,100ml,27.0,1.05,4.08,0.7,0.38,0.3,156.0,300.0
모듬 초밥,밥,밥류,100ml,188.0,28.9,9.82,2.93,2.3,0.4,345.0,245.0
모듬배추나물,서브 반찬2,나물·숙채류,100ml,33.0,4.32,1.74,1.26,1.68,2.2,270.0,120.0
모듬버섯볶음,메인 반찬,볶음류,100ml,69.0,6.82,3.02,4.56,2.0,2.7,430.0,100.0
미트볼조림,메인 반찬,조림류,100ml,126.0,11.5,5.05,6.99,4.44,6.5,316.0,105.0
미역냉국,국,국 및 탕류,100ml,17.0,2.8,0.65,0.65,1.58,0.9,397.0,220.0
미역줄기볶음,메인 반찬,볶음류,100ml,41.0,3.36,0.97,3.34,0.46,2.55,949.5,120.0
미역초무침,서브 반찬2,생채·무침류,100ml,31.0,6.85,1.48,0.71,3.32,2.6,406.0,120.0
미역튀각,서브 반찬,튀김류,100ml,363.0,28.31,14.43,30.22,3.26,23.2,3987.0,15.0
미역국,국,국 및 탕류,100ml,11.75,0.8,1.28,0.54,0.02,0.52,272.0,285.0
미역 오이무침,서브 반찬2,생채·무침류,100ml,61.0,12.32,1.81,1.75,6.34,2.8,817.0,100.0
배추 겉절이,서브 반찬2,생채·무침류,100ml,30.0,4.04,1.49,1.24,1.51,2.0,809.0,148.0
배추 된장국,국,국 및 탕류,100ml,23.5,2.23,2.13,0.79,0.68,1.05,291.5,265.0
배추국,국,국 및 탕류,100ml,9.0,0.89,1.27,0.1,0.37,0.3,111.0,320.0
바지락국,국,국 및 탕류,100ml,17.0,0.74,2.25,0.51,0.11,0.3,222.0,320.0
바지락찜,메인 반찬,찜류,100ml,83.0,9.15,7.96,1.71,4.59,1.6,830.0,146.0
방풍나물,서브 반찬2,나물·숙채류,100ml,37.0,7.19,1.55,0.79,1.55,2.7,143.0,50.0
바지락 미역국,국,국 및 탕류,100ml,13.0,1.22,1.88,0.28,0.1,0.7,304.0,300.0
배추전,서브 반찬,전·적 및 부침류,100ml,109.0,10.29,3.16,6.01,1.71,1.5,547.0,96.0
배추나물,서브 반찬2,나물·숙채류,100ml,29.33,3.82,1.63,1.18,1.44,1.9,275.67,120.0
버섯찌개,국,찌개 및 전골류,100ml,60.0,8.54,4.02,2.09,2.22,3.2,631.0,270.0
버섯전,서브 반찬,전·적 및 부침류,100ml,164.0,20.54,5.44,7.05,0.39,2.2,601.0,86.0
버섯 매운탕,국,찌개 및 전골류,100ml,45.0,6.93,2.42,1.36,1.46,2.0,160.0,800.0
버섯국,국,국 및 탕류,100ml,42.0,2.71,3.3,2.43,0.5,1.4,161.0,320.0
볶음밥,밥,밥류,100ml,123.29,21.07,4.2,2.05,0.62,1.09,119.43,416.43
부대찌개,국,찌개 및 전골류,100ml,68.0,6.12,4.83,2.79,1.24,1.4,368.0,270.0
보리밥,밥,밥류,100ml,119.0,25.57,2.29,0.37,0.16,1.0,1.0,380.0
베이컨떡말이구이,메인 반찬,구이류,100ml,240.0,29.95,6.32,10.61,3.77,1.6,570.0,126.0
베이컨채소볶음,메인 반찬,볶음류,100ml,142.0,10.06,6.26,8.81,4.78,2.2,241.0,129.0
병어조림,메인 반찬,조림류,100ml,72.0,3.43,7.84,2.78,0.74,1.0,312.0,191.0
비빔밥,밥,밥류,100ml,107.25,17.46,3.86,2.28,1.34,0.98,145.75,566.25
브로콜리무침,서브 반찬2,생채·무침류,100ml,32.0,7.01,1.65,0.25,2.9,1.5,175.0,50.0
비름나물,서브 반찬2,나물·숙채류,100ml,36.0,4.68,2.47,1.46,0.75,3.1,308.75,55.0
불낙전골,국,찌개 및 전골류,100ml,61.0,4.86,4.63,2.48,0.5,0.9,252.0,440.0
브로콜리 두부무침,서브 반찬2,생채·무침류,100ml,35.0,6.17,1.97,0.72,2.31,1.7,167.0,50.0
브로콜리 버섯볶음,메인 반찬,볶음류,100ml,24.0,3.0,1.34,1.15,0.59,1.2,140.0,50.0
북어국,국,국 및 탕류,100ml,25.5,0.96,3.66,0.74,0.27,0.32,174.0,305.0
북어채 고추장 무침,서브 반찬2,생채·무침류,100ml,296.0,14.1,36.59,10.34,4.13,3.2,942.0,31.0
북어강정,서브 반찬,튀김류,100ml,478.0,42.51,20.87,24.43,7.38,2.9,2644.0,32.0
북어구이,메인 반찬,구이류,100ml,287.0,10.53,46.55,5.91,3.15,2.1,932.0,41.0
부추무침,서브 반찬2,생채·무침류,100ml,30.0,4.73,1.35,0.97,2.48,2.22,257.8,110.0
부추잡채,메인 반찬,볶음류,100ml,108.0,2.68,7.92,7.15,0.63,1.2,290.0,111.0
부추전,서브 반찬,전·적 및 부침류,100ml,260.0,34.35,5.39,10.48,2.42,2.8,297.0,80.0
부추 겉절이,서브 반찬2,생채·무침류,100ml,23.0,3.65,1.32,0.76,1.58,2.0,142.0,50.0
부추김치,김치,김치류,100ml,36.0,5.47,2.75,0.91,2.12,3.8,1779.0,100.0
부추나물,서브 반찬2,나물·숙채류,100ml,18.0,1.99,1.16,0.88,0.89,1.6,137.0,50.0
뼈다귀해장국,국,국 및 탕류,100ml,21.0,0.96,2.75,0.63,0.36,0.4,108.0,650.0
사골국,국,국 및 탕류,100ml,35.0,2.94,1.79,1.67,0.18,0.2,6.0,563.0
새우탕,국,국 및 탕류,100ml,40.0,2.51,6.2,0.56,0.89,0.8,217.0,760.0
새우튀김,서브 반찬,튀김류,100ml,145.0,16.54,7.09,5.52,2.22,1.0,322.0,117.0
새우 탕수,서브 반찬,튀김류,100ml,248.0,19.95,18.2,9.94,8.38,1.0,390.0,105.0
새우무침,서브 반찬2,생채·무침류,100ml,321.0,15.47,37.0,11.77,8.04,1.0,462.0,27.0
새우전,서브 반찬,전·적 및 부침류,100ml,264.0,13.51,23.07,11.86,0.06,0.5,788.0,65.0
새우젓국,국,국 및 탕류,100ml,23.0,2.31,1.96,0.73,0.85,1.0,287.0,320.0
상추겉절이,서브 반찬2,생채·무침류,100ml,21.0,3.39,0.89,0.69,1.59,1.3,123.0,150.0
새송이버섯볶음,메인 반찬,볶음류,100ml,32.0,4.13,1.44,1.95,0.97,1.6,163.0,170.0
새싹 샐러드,서브 반찬2,생채·무침류,100ml,117.0,5.01,1.4,10.6,2.49,1.8,74.0,104.0
삼치구이,메인 반찬,구이류,100ml,81.0,1.78,9.2,3.81,0.0,0.1,167.0,210.0
삼치조림,메인 반찬,조림류,100ml,63.0,4.45,7.75,1.49,1.67,1.1,301.0,95.0
삼치튀김,서브 반찬,튀김류,100ml,136.0,3.43,13.78,6.86,0.01,0.1,912.0,115.0
상추 겉절이,서브 반찬2,생채·무침류,100ml,21.0,3.38,0.89,0.69,1.59,1.3,127.0,150.0
삼겹살볶음,메인 반찬,볶음류,100ml,225.0,10.13,10.03,16.23,5.72,1.6,415.0,186.0
삼계탕,국,국 및 탕류,100ml,46.0,5.17,5.16,0.34,0.67,0.3,188.0,831.0
삼색 오이냉국,국,국 및 탕류,100ml,17.0,3.52,0.58,0.21,2.68,0.4,234.0,160.0
삼색냉채,서브 반찬2,생채·무침류,100ml,68.0,7.21,5.62,1.9,3.99,1.0,365.0,150.0
삼치 양념구이,메인 반찬,구이류,100ml,189.0,15.38,22.78,4.14,4.18,2.8,570.0,68.0
삶은 땅콩 조림,메인 반찬,조림류,100ml,580.0,64.99,20.72,29.74,11.78,12.1,2308.0,22.0
삼각김밥,밥,밥류,100ml,183.0,30.8,5.17,3.84,0.09,0.8,223.0,94.0
소갈비찜,메인 반찬,찜류,100ml,160.0,5.3,8.01,11.32,3.04,0.6,265.0,225.0
소고기 국밥,밥,밥류,100ml,62.0,11.02,2.18,0.75,0.22,0.4,85.0,932.0
소고기 덮밥,밥,밥류,100ml,109.0,14.39,5.67,2.78,1.05,0.4,134.0,667.0
소고기 두부국,국,국 및 탕류,100ml,34.0,0.62,2.75,2.18,0.04,0.3,160.0,320.0
소고기 미역국,국,국 및 탕류,100ml,17.0,0.59,1.47,1.05,0.03,0.4,225.0,320.0
선짓국,국,국 및 탕류,100ml,45.0,3.53,3.85,1.9,0.8,1.6,462.0,320.0
설렁탕,국,국 및 탕류,100ml,37.0,4.08,2.1,1.24,0.12,0.1,133.0,550.0
세발낙지볶음,메인 반찬,볶음류,100ml,68.0,7.88,4.65,2.29,4.58,1.6,442.0,256.0
소갈비 구이,메인 반찬,구이류,100ml,210.0,6.33,10.22,15.23,3.48,0.4,411.0,141.0
섞어찌개(모듬찌개),국,찌개 및 전골류,100ml,47.0,5.58,3.74,1.32,1.46,1.4,290.0,351.0
생선까스,서브 반찬,튀김류,100ml,303.0,17.5,22.81,14.5,0.74,1.0,680.0,77.0
샐러드,서브 반찬2,생채·무침류,100ml,135.5,13.14,1.85,8.34,3.4,0.95,147.0,150.0
소시지튀김,서브 반찬,튀김류,100ml,311.0,20.49,13.64,18.41,1.37,0.9,943.0,75.0
소시지 케첩볶음,메인 반찬,볶음류,100ml,252.0,12.93,11.54,17.08,4.63,1.4,631.0,98.0
소시지볶음,메인 반찬,볶음류,100ml,118.5,6.78,5.74,7.61,2.17,0.7,391.0,200.0
소시지조림,메인 반찬,조림류,100ml,228.5,14.46,11.36,13.94,4.31,1.05,865.0,66.5
소불고기,메인 반찬,구이류,100ml,144.0,6.12,7.81,9.61,2.79,0.6,278.0,100.0
소사태찜,메인 반찬,찜류,100ml,96.0,6.42,9.29,3.31,1.97,1.0,204.0,168.0
소등심구이,메인 반찬,구이류,100ml,320.0,0.26,15.94,26.79,0.0,0.1,254.0,127.0
소라무침,서브 반찬2,생채·무침류,100ml,122.0,7.46,18.67,1.58,2.0,1.0,55.0,91.0
소고기채소볶음,메인 반찬,볶음류,100ml,128.0,3.35,5.12,10.08,2.21,0.7,116.0,191.0
소등심 스테이크,메인 반찬,구이류,100ml,229.0,3.3,10.6,18.22,2.22,0.6,110.0,91.0
소고기볶음,메인 반찬,볶음류,100ml,128.0,3.72,6.54,9.71,1.59,0.8,261.0,123.5
소고기육개장,국,국 및 탕류,100ml,25.0,1.49,1.91,1.41,0.37,0.7,125.0,440.0
소고기찜,메인 반찬,찜류,100ml,117.0,4.95,5.52,8.55,2.55,1.1,163.0,196.0
소고기 샌드위치,서브 반찬,빵 및 과자류,100ml,195.0,20.03,7.07,9.6,3.01,1.2,348.0,223.0
소고기 완자전,서브 반찬,전·적 및 부침류,100ml,318.0,10.08,14.12,23.28,0.19,1.4,480.0,77.0
소고기 장조림,메인 반찬,조림류,100ml,164.67,7.24,14.75,7.94,2.59,0.47,699.33,62.0
순대볶음,메인 반찬,볶음류,100ml,90.0,12.92,2.48,3.43,2.46,2.0,262.33,316.67
순대,메인 반찬,찜류,100ml,252.0,32.11,9.59,8.91,1.12,1.4,1180.0,64.0
순대국,국,국 및 탕류,100ml,55.0,6.98,2.92,1.82,0.5,1.0,182.0,393.0
숙주나물,서브 반찬2,나물·숙채류,100ml,14.5,1.5,1.0,0.7,0.21,0.9,176.75,145.0
숙주미나리나물,서브 반찬2,나물·숙채류,100ml,18.0,1.97,1.11,0.85,0.4,1.2,165.0,170.0
수수밥,밥,밥류,100ml,120.0,26.3,2.21,0.17,0.02,0.5,3.0,350.0
스크램블드에그,서브 반찬,전·적 및 부침류,100ml,164.0,0.8,12.72,11.33,0.11,0.0,628.0,68.0
쑥갓나물,서브 반찬2,나물·숙채류,100ml,26.0,2.45,2.04,1.18,0.07,1.9,327.33,56.67
쑥갓오이무침,서브 반찬2,생채·무침류,100ml,37.0,5.59,1.88,1.06,0.39,1.9,157.0,126.0
쑥튀김,서브 반찬,튀김류,100ml,234.0,19.95,6.63,13.72,0.09,2.3,552.0,60.0
시금치나물,서브 반찬2,나물·숙채류,100ml,30.5,3.63,2.15,1.32,0.7,2.05,337.5,105.0
시래기 된장국,국,국 및 탕류,100ml,13.0,1.9,0.91,0.3,0.33,1.2,237.0,300.0
시래기나물,서브 반찬2,나물·숙채류,100ml,60.0,10.61,2.06,1.79,3.32,3.8,1032.0,100.0
시금치 겉절이,서브 반찬2,생채·무침류,100ml,54.0,6.29,2.95,2.51,1.47,2.8,357.0,80.0
시금치 된장국,국,국 및 탕류,100ml,15.0,2.12,1.17,0.33,0.62,1.1,250.0,270.0
아귀 매운탕,국,찌개 및 전골류,100ml,37.0,3.64,4.58,0.68,1.06,1.2,208.0,333.0
아귀찜,메인 반찬,찜류,100ml,30.0,2.19,4.06,0.69,0.65,0.9,114.0,300.0
아욱 된장국,국,국 및 탕류,100ml,19.0,2.89,1.51,0.4,0.4,1.5,289.0,230.0
애호박 감자된장국,국,국 및 탕류,100ml,24.0,3.39,1.92,0.33,0.69,1.0,206.0,320.0
애호박 된장국,국,국 및 탕류,100ml,23.0,3.18,2.0,0.48,0.97,1.5,283.0,320.0
애호박나물,서브 반찬2,나물·숙채류,100ml,37.0,5.51,1.27,1.44,2.64,2.2,162.0,50.0
알밥,밥,밥류,100ml,86.0,16.25,2.38,1.08,0.74,0.9,169.0,500.0
얼갈이겉절이,서브 반찬2,생채·무침류,100ml,25.0,4.09,1.14,0.71,1.62,2.1,229.0,130.0
어묵탕,국,국 및 탕류,100ml,28.5,3.75,1.98,0.69,0.75,0.3,232.5,460.0
어묵튀김,서브 반찬,튀김류,100ml,179.0,15.76,8.45,8.89,1.92,0.3,797.0,94.0
얼갈이 나물,서브 반찬2,나물·숙채류,100ml,48.0,3.96,1.92,3.05,0.67,2.7,1483.0,100.0
얼갈이 된장국,국,국 및 탕류,100ml,11.0,1.56,0.87,0.29,0.39,0.9,216.0,320.0
어묵잡채,메인 반찬,볶음류,100ml,126.0,9.87,6.54,6.53,2.2,0.6,421.0,237.0
어묵조림,메인 반찬,조림류,100ml,175.5,21.93,9.48,5.66,6.07,0.9,953.0,88.5
어묵국(어묵탕),국,국 및 탕류,100ml,21.0,2.92,1.4,0.48,0.6,0.2,220.0,320.0
어묵볶음,메인 반찬,볶음류,100ml,175.67,19.98,8.5,6.99,6.41,1.1,833.67,127.0
어묵 감자볶음,메인 반찬,볶음류,100ml,209.0,23.61,8.21,9.07,4.37,1.3,559.0,79.0
어묵 매운탕,국,찌개 및 전골류,100ml,39.0,5.66,2.72,0.82,1.57,0.8,204.0,282.0
어묵 오이무침,서브 반찬2,생채·무침류,100ml,126.0,18.18,7.65,3.07,5.51,1.3,532.0,105.0
어묵국,국,국 및 탕류,100ml,51.0,6.34,3.91,1.19,1.19,0.7,467.0,210.0
양송이버섯볶음,메인 반찬,볶음류,100ml,102.0,5.16,4.66,7.57,2.98,1.0,216.0,117.0
양장피,서브 반찬2,생채·무침류,100ml,81.0,5.33,10.67,1.8,3.15,1.8,362.0,344.0
양파볶음,메인 반찬,볶음류,100ml,67.0,4.72,0.89,5.18,3.87,1.4,323.0,105.0
양배추 샐러드,서브 반찬2,생채·무침류,100ml,99.0,4.32,0.9,8.95,2.2,1.4,145.0,122.0
양배추 초나물,서브 반찬2,나물·숙채류,100ml,65.0,9.45,2.03,2.75,5.61,2.4,175.0,113.0
양배추부추무침,서브 반찬2,생채·무침류,100ml,34.0,6.71,1.86,0.51,3.44,3.2,327.0,90.0
양상추 샐러드,서브 반찬2,생채·무침류,100ml,78.0,4.84,1.07,6.29,3.25,1.0,87.0,85.0
양념 오징어젓,김치,젓갈류,100ml,112.0,15.71,5.09,3.35,7.91,2.8,994.0,69.0
양미리조림,메인 반찬,조림류,100ml,143.0,5.61,18.13,4.45,1.53,0.7,286.0,123.0
양배추 겉절이,서브 반찬2,생채·무침류,100ml,39.0,6.5,1.72,1.24,3.21,2.4,388.0,114.0
양배추 사과 샐러드,서브 반찬2,생채·무침류,100ml,141.0,11.56,1.05,10.68,8.29,2.2,74.0,104.0
양념 돼지고기튀김,서브 반찬,튀김류,100ml,189.0,13.89,12.88,8.58,2.19,0.7,347.0,192.0
애호박부침개,서브 반찬,전·적 및 부침류,100ml,141.0,16.23,6.38,5.28,1.35,1.7,50.0,119.0
애호박전,서브 반찬,전·적 및 부침류,100ml,87.0,6.0,2.24,5.88,0.98,1.0,98.0,200.0
애호박찌개,국,찌개 및 전골류,100ml,38.0,3.87,3.66,0.95,0.83,1.4,210.0,305.0
애호박찜,메인 반찬,찜류,100ml,36.0,4.43,1.73,1.46,1.98,1.7,574.0,128.0
연근전,서브 반찬,전·적 및 부침류,100ml,82.0,10.31,1.88,3.53,0.57,1.2,14.0,161.0
연근조림,메인 반찬,조림류,100ml,76.0,16.09,1.6,0.74,3.32,1.9,322.0,110.0
연근튀김,서브 반찬,튀김류,100ml,156.0,16.27,3.11,8.36,0.94,1.9,389.0,120.0
오징어볶음,메인 반찬,볶음류,100ml,82.0,7.65,8.49,2.0,3.2,1.3,270.5,270.0
오징어불고기,메인 반찬,구이류,100ml,123.0,7.35,16.38,3.22,2.92,1.3,366.0,231.0
오징어 덮밥,밥,밥류,100ml,78.0,13.18,4.17,0.79,1.36,0.75,94.0,804.0
오징어국,국,국 및 탕류,100ml,24.0,1.53,3.72,0.39,0.49,0.5,235.0,300.0
오징어무침,서브 반찬2,생채·무침류,100ml,77.5,7.1,9.39,1.38,4.25,1.4,210.5,117.5
오이생채,서브 반찬2,생채·무침류,100ml,31.2,5.92,1.37,0.68,3.23,1.64,260.4,105.0
오이소박이,김치,김치류,100ml,39.0,7.61,2.7,0.51,2.71,3.3,1933.0,100.0
오이장아찌,김치,장아찌·절임류,100ml,71.0,7.71,1.92,3.83,4.03,1.2,1991.0,57.0
오이지무침,서브 반찬2,생채·무침류,100ml,28.0,4.3,0.76,1.09,2.15,1.4,774.0,100.0
오이나물,서브 반찬2,나물·숙채류,100ml,73.0,2.97,1.27,6.42,1.04,0.7,313.0,108.0
오이냉국,국,국 및 탕류,100ml,17.0,3.59,0.57,0.21,2.67,0.4,226.0,160.0
오이무침,서브 반찬2,생채·무침류,100ml,35.0,5.44,1.33,1.28,3.18,1.2,3.0,108.0
오이 도라지 생채,서브 반찬2,생채·무침류,100ml,41.0,8.79,1.3,0.52,3.71,2.0,220.0,130.0
오이 미역냉국,국,국 및 탕류,100ml,13.0,2.91,0.65,0.21,1.84,0.8,338.0,270.0
오이고추 된장무침,서브 반찬2,생채·무침류,100ml,33.0,5.18,1.38,0.91,1.47,1.8,313.0,50.0
오이김치,김치,김치류,100ml,39.0,7.83,2.55,0.29,2.26,2.3,1894.0,100.0
오리탕,국,찌개 및 전골류,100ml,169.0,16.57,8.28,7.57,2.53,1.2,461.0,155.0
오므라이스,밥,밥류,100ml,107.0,18.69,2.88,1.88,1.24,0.9,142.0,531.0
오곡밥,밥,밥류,100ml,166.0,34.21,4.42,0.69,0.22,2.5,230.0,294.0
오리 간장불고기,메인 반찬,구이류,100ml,98.0,6.16,12.56,2.41,2.93,0.6,313.0,180.0
오리고기로스,메인 반찬,구이류,100ml,169.0,0.78,29.66,4.37,0.01,0.3,510.0,42.0
오리백숙,국,찌개 및 전골류,100ml,151.0,13.4,7.54,7.09,0.23,0.7,524.0,270.0
열무나물,서브 반찬2,나물·숙채류,100ml,32.0,4.5,2.52,0.93,1.2,1.9,492.5,110.0
영양돌솥밥,밥,밥류,100ml,131.0,27.9,2.95,0.53,1.42,1.8,25.0,339.0
연두부찜,메인 반찬,찜류,100ml,65.0,3.71,5.08,3.3,1.11,1.1,203.0,158.0
연어구이,메인 반찬,구이류,100ml,138.0,0.2,16.59,7.25,0.0,0.0,850.0,86.0
열무 된장국,국,국 및 탕류,100ml,20.0,2.04,2.08,0.5,0.46,1.0,330.0,320.0
열무 비빔밥,밥,밥류,100ml,89.0,16.86,2.26,1.14,0.61,1.0,112.0,600.0
올갱이해장국,국,국 및 탕류,100ml,41.0,3.54,3.97,1.35,0.77,1.7,342.0,262.0
옥수수밥,밥,밥류,100ml,170.0,36.22,3.52,0.76,0.87,1.7,1.0,215.0
옥수수부침,서브 반찬,전·적 및 부침류,100ml,176.0,22.96,3.0,7.95,2.37,1.9,587.0,130.0
옥수수샐러드,서브 반찬2,생채·무침류,100ml,159.5,11.96,4.49,10.53,3.04,1.75,192.5,121.0
오징어채볶음,메인 반찬,볶음류,100ml,133.0,5.45,14.64,5.78,2.14,0.4,374.0,100.0
오징어탕수,서브 반찬,튀김류,100ml,247.0,20.31,17.13,10.27,8.44,1.0,332.0,105.0
오징어튀김,서브 반찬,튀김류,100ml,81.0,3.83,5.2,4.69,0.05,0.1,151.0,100.0
오징어조림,메인 반찬,조림류,100ml,61.0,5.48,8.17,0.66,1.61,0.8,287.0,153.0
오징어찌개,국,찌개 및 전골류,100ml,27.0,2.37,3.62,0.33,1.0,0.5,230.0,348.0
오징어채무침,서브 반찬2,생채·무침류,100ml,115.5,11.65,12.92,2.3,5.8,1.7,387.5,87.5
유부 된장국,국,국 및 탕류,100ml,79.0,2.72,5.18,5.21,0.52,1.0,374.0,320.0
유부 초밥,밥,밥류,100ml,199.0,27.48,5.8,6.72,2.26,0.9,134.0,298.0
유부조림,메인 반찬,조림류,100ml,254.0,7.96,13.66,18.34,3.23,0.9,243.0,100.0
우엉조림,메인 반찬,조림류,100ml,88.0,17.89,2.71,1.05,4.75,2.9,371.0,90.0
우럭구이,메인 반찬,구이류,100ml,111.0,0.45,13.51,5.67,0.0,0.0,703.0,100.0
우엉볶음,메인 반찬,볶음류,100ml,160.0,16.34,4.12,9.08,2.75,4.9,457.0,63.0
완두콩밥,밥,밥류,100ml,157.0,33.51,3.21,0.45,0.2,1.2,1.0,229.0
완자전,서브 반찬,전·적 및 부침류,100ml,214.0,10.74,7.15,15.49,0.36,2.9,108.0,150.0
완자조림,메인 반찬,조림류,100ml,171.0,12.18,14.04,6.7,2.44,1.5,225.0,137.0
잔멸치볶음,메인 반찬,볶음류,100ml,144.2,8.78,11.16,7.06,3.89,0.54,811.6,91.8
임연수구이,메인 반찬,구이류,100ml,81.0,0.73,7.96,4.76,0.0,0.0,318.0,100.0
임연수조림,메인 반찬,조림류,100ml,91.0,4.5,9.88,3.44,2.6,0.6,222.0,148.0
임연수튀김,서브 반찬,튀김류,100ml,372.0,17.18,26.55,20.12,0.02,0.5,1236.0,71.0
육개장,국,국 및 탕류,100ml,33.33,2.11,3.46,1.33,0.62,0.8,153.0,400.0
율무밥,밥,밥류,100ml,118.0,25.56,2.23,0.17,0.01,0.3,2.0,270.0
유채나물,서브 반찬2,나물·숙채류,100ml,29.0,3.78,2.9,0.94,0.58,2.5,345.5,130.0
유채무침,서브 반찬2,생채·무침류,100ml,60.0,12.47,3.37,0.67,6.2,3.0,227.0,79.0
조기찜,메인 반찬,찜류,100ml,71.0,2.58,9.21,2.53,0.89,1.0,126.0,241.0
조기튀김,서브 반찬,튀김류,100ml,144.0,3.62,13.43,7.77,0.01,0.1,84.0,111.0
조미 김구이,메인 반찬,구이류,100ml,25.0,1.46,1.67,2.05,0.12,1.5,371.0,50.0
주먹밥,밥,밥류,100ml,135.0,25.52,2.34,2.09,0.88,0.7,105.0,291.0
조기 양념구이,메인 반찬,구이류,100ml,219.0,11.01,22.13,9.3,5.82,0.9,1633.0,69.0
조기 오븐구이,메인 반찬,구이류,100ml,39.0,0.02,5.87,1.58,0.0,0.0,33.0,80.0
조기구이,메인 반찬,구이류,100ml,90.0,0.89,7.38,6.01,0.0,0.0,269.0,100.0
조기찌개,국,찌개 및 전골류,100ml,23.0,1.93,2.45,0.64,0.59,0.7,94.0,240.0
제육볶음,메인 반찬,볶음류,100ml,126.33,8.92,11.69,4.85,4.66,1.57,323.0,225.33
조개 미역국,국,국 및 탕류,100ml,11.0,0.97,1.54,0.25,0.07,0.6,241.0,300.0
적어구이,메인 반찬,구이류,100ml,174.0,0.31,20.95,9.04,0.0,0.0,1203.0,63.0
전복죽,국,죽 및 스프류,100ml,139.0,21.66,3.65,3.63,0.13,0.6,248.0,200.0
제육(돼지고기 수육),메인 반찬,찜류,100ml,158.0,1.25,19.65,7.49,0.15,0.3,334.0,103.0
장조림,메인 반찬,조림류,100ml,114.0,4.75,11.35,5.15,1.81,0.3,323.0,250.0
재첩국,국,국 및 탕류,100ml,19.0,1.06,2.27,0.62,0.13,0.3,223.0,320.0
장어 양념구이,메인 반찬,구이류,100ml,331.0,16.91,16.52,21.42,5.14,1.7,775.0,68.0
장어매운탕,국,찌개 및 전골류,100ml,57.0,3.97,5.69,2.11,1.49,1.2,219.0,275.0
잡채밥,밥,밥류,100ml,107.0,20.43,2.78,1.3,1.4,0.7,69.0,591.0
잡곡밥,밥,밥류,100ml,129.6,27.13,2.91,0.63,0.27,1.32,1.2,330.0
잡곡죽,국,죽 및 스프류,100ml,81.0,14.21,3.46,1.17,0.48,2.4,118.0,324.0
잡채,메인 반찬,볶음류,100ml,116.5,21.27,1.82,2.83,2.33,1.3,220.0,185.0
청포묵 무침,서브 반찬2,생채·무침류,100ml,43.0,6.54,1.3,1.68,0.72,1.7,282.0,150.0
청포묵무침,서브 반찬2,생채·무침류,100ml,43.0,6.54,1.3,1.68,0.72,1.6,282.0,150.0
채소튀김,서브 반찬,튀김류,100ml,101.0,11.65,1.31,5.28,1.45,0.9,138.0,100.0
천사채무침,서브 반찬2,생채·무침류,100ml,73.0,2.95,3.27,5.51,0.65,1.3,248.0,220.0
청국장찌개,국,찌개 및 전골류,100ml,28.0,2.93,2.53,0.68,0.63,1.4,202.0,340.0
채소밥,밥,밥류,100ml,115.0,23.27,2.56,0.92,0.36,0.9,135.0,338.0
채소전,서브 반찬,전·적 및 부침류,100ml,204.0,25.38,4.67,8.58,0.86,1.6,247.0,132.0
채소죽,국,죽 및 스프류,100ml,67.5,12.82,1.6,0.96,0.86,0.95,109.0,443.0
참치강정,서브 반찬,튀김류,100ml,353.0,23.55,30.27,14.12,6.87,0.9,948.0,89.0
참치구이,메인 반찬,구이류,100ml,318.0,0.05,33.53,19.02,0.0,0.0,1130.0,64.0
참치죽,국,죽 및 스프류,100ml,59.0,8.67,2.67,1.39,0.4,0.5,155.0,600.0
참치찌개,국,찌개 및 전골류,100ml,42.0,3.05,5.4,0.97,1.28,0.8,306.0,348.0
참나물 겉절이,서브 반찬2,생채·무침류,100ml,17.5,2.66,0.78,0.66,0.79,1.2,123.5,120.0
참나물 무침,서브 반찬2,생채·무침류,100ml,15.0,1.85,0.71,0.71,0.14,1.0,99.0,50.0
참나물겉절이,서브 반찬2,생채·무침류,100ml,18.0,2.91,0.74,0.6,1.1,1.2,143.0,190.0
참치 미역국,국,국 및 탕류,100ml,28.0,0.75,2.69,1.75,0.0,0.6,250.0,320.0
참치 샐러드,서브 반찬2,생채·무침류,100ml,200.0,2.96,10.84,16.18,1.96,0.8,151.0,101.0
참나물,서브 반찬2,나물·숙채류,100ml,14.0,1.94,0.72,0.56,0.2,1.1,129.0,200.0
차조밥,밥,밥류,100ml,120.0,25.51,2.33,0.42,0.17,0.8,1.0,370.0
짬뽕밥,밥,밥류,100ml,110.0,18.13,4.48,1.84,0.48,0.6,25.0,586.0
짜사이무침,서브 반찬2,생채·무침류,100ml,43.0,3.66,0.45,3.04,2.8,0.9,947.0,50.0
짜장밥,밥,밥류,100ml,139.0,26.19,3.74,1.81,1.73,1.3,263.0,450.0
죽순볶음,메인 반찬,볶음류,100ml,133.0,6.19,4.27,10.85,1.48,3.7,1.0,58.0
쥐포무침,서브 반찬2,생채·무침류,100ml,298.0,32.77,26.07,7.41,21.73,1.1,1381.0,31.0
쥐포조림,메인 반찬,조림류,100ml,194.0,23.06,19.04,2.97,15.01,0.2,602.0,45.0
치커리 겉절이,서브 반찬2,생채·무침류,100ml,22.0,3.5,0.72,0.73,1.88,1.0,160.0,180.0
치커리겉절이,서브 반찬2,생채·무침류,100ml,22.0,3.51,0.72,0.73,1.89,1.0,160.0,180.0
치킨데리야끼,메인 반찬,구이류,100ml,117.0,10.96,15.96,0.99,4.47,2.2,371.0,151.0
취나물무침,서브 반찬2,나물·숙채류,100ml,62.0,7.98,2.25,2.98,0.7,3.3,453.5,125.0
추어탕,국,찌개 및 전골류,100ml,41.0,2.92,4.79,1.21,0.95,1.1,254.0,356.0
취나물,서브 반찬2,나물·숙채류,100ml,44.0,7.22,2.0,1.41,1.48,3.0,174.5,140.0
카레라이스,밥,밥류,100ml,99.5,18.42,2.66,1.56,1.02,0.7,61.0,600.0
콩나물국,국,국 및 탕류,100ml,7.75,0.99,0.89,0.25,0.14,0.4,175.25,302.5
콩나물 느타리무침,서브 반찬2,생채·무침류,100ml,46.0,4.31,3.08,2.8,0.59,2.0,193.0,100.0
콩나물 된장국,국,국 및 탕류,100ml,23.0,2.07,2.81,0.68,0.42,0.9,255.0,320.0
콩나물 선짓국,국,국 및 탕류,100ml,21.0,1.8,3.06,0.34,0.29,0.9,146.0,767.0
콩나물 황태국,국,국 및 탕류,100ml,30.0,0.99,4.56,0.87,0.3,0.3,129.0,300.0
콘치즈구이,메인 반찬,구이류,100ml,105.0,15.24,2.32,3.81,2.87,0.9,151.0,150.0
콩나물 국밥,밥,밥류,100ml,60.0,10.69,2.64,0.73,0.42,0.8,58.0,830.0
코다리조림,메인 반찬,조림류,100ml,67.0,4.67,9.45,1.0,2.38,0.43,313.33,108.0
코다리찜,메인 반찬,찜류,100ml,46.0,3.74,5.97,0.9,0.85,0.9,149.0,200.0
콩조림,메인 반찬,조림류,100ml,198.0,22.36,13.55,6.44,6.45,7.3,620.0,95.0
콩나물밥,밥,밥류,100ml,120.5,23.64,3.56,1.03,0.32,0.9,113.5,445.0
콩나물잡채,메인 반찬,볶음류,100ml,103.0,3.76,4.83,7.86,1.63,1.0,150.0,145.0
콩비지찌개,국,찌개 및 전골류,100ml,43.0,5.31,2.74,1.22,0.73,3.5,234.0,240.0
콩나물무침,서브 반찬2,나물·숙채류,100ml,27.5,2.68,2.53,1.36,0.48,1.23,217.83,58.33
콩나물냉채,서브 반찬2,생채·무침류,100ml,42.0,6.95,2.81,0.96,3.36,1.5,153.0,150.0
파래무침,서브 반찬2,생채·무침류,100ml,36.0,6.76,2.34,0.75,1.81,2.65,469.0,80.0
파래볶음,메인 반찬,볶음류,100ml,49.0,3.03,1.58,4.1,0.69,1.5,410.0,100.0
파무침,서브 반찬2,생채·무침류,100ml,40.0,5.72,1.29,1.7,3.14,1.7,286.0,85.0
탕평채,서브 반찬2,생채·무침류,100ml,73.0,6.29,2.38,4.34,0.3,1.6,646.0,150.0
토란국,국,국 및 탕류,100ml,34.0,3.56,1.92,1.45,0.26,0.9,182.0,320.0
탕수어,서브 반찬,튀김류,100ml,281.0,38.73,12.62,7.79,8.36,1.3,323.0,113.0
탕수육,서브 반찬,튀김류,100ml,225.0,21.14,13.06,9.15,6.11,1.0,222.0,155.0
풋마늘무침,서브 반찬2,생채·무침류,100ml,62.0,9.59,1.79,2.72,5.19,3.4,93.0,81.0
표고버섯볶음,메인 반찬,볶음류,100ml,35.0,3.96,1.71,2.11,0.92,1.9,143.0,110.0
풋고추된장무침,서브 반찬2,생채·무침류,100ml,45.0,7.94,1.94,0.92,2.16,2.7,390.0,50.0
팥죽,국,죽 및 스프류,100ml,83.0,17.13,2.96,0.18,2.99,2.1,112.0,302.0
팥밥,밥,밥류,100ml,119.0,25.37,2.56,0.35,0.16,1.0,4.0,300.0
파전,서브 반찬,전·적 및 부침류,100ml,154.5,17.73,4.49,6.82,0.78,1.25,507.0,110.5
팔보채,메인 반찬,볶음류,100ml,137.0,3.17,12.66,7.52,1.1,0.9,609.0,132.0
피자,서브 반찬,빵 및 과자류,100ml,128.0,15.57,6.28,4.11,1.33,1.2,126.0,300.0
가오리회무침,서브 반찬2,생채·무침류,100ml,47.0,6.47,4.73,0.48,3.54,1.3,164.0,270.0
가자미 매운탕,국,찌개 및 전골류,100ml,31.0,1.5,4.45,0.81,0.36,0.5,113.0,550.0
가자미구이,메인 반찬,구이류,100ml,150.0,3.85,14.69,7.8,0.03,0.1,291.0,190.0
가자미조림,메인 반찬,조림류,100ml,87.0,3.64,12.18,2.52,0.82,1.1,345.0,188.0
가자미찜,메인 반찬,찜류,100ml,77.0,2.67,11.75,1.95,0.72,0.7,344.0,170.0
가자미튀김,서브 반찬,튀김류,100ml,94.0,2.9,5.11,6.54,0.0,0.1,215.0,100.0
가지나물,서브 반찬2,나물·숙채류,100ml,25.0,3.82,1.06,0.85,1.84,2.0,218.0,130.0
가지냉국,국,국 및 탕류,100ml,19.0,3.42,1.11,0.39,1.4,1.9,654.0,160.0
가지전,서브 반찬,전·적 및 부침류,100ml,114.0,11.22,3.23,6.13,1.69,2.2,537.0,96.0
가지탕수,서브 반찬,튀김류,100ml,154.0,21.21,2.18,6.5,4.19,2.1,236.0,195.0
갈비탕,국,국 및 탕류,100ml,75.0,2.32,4.38,5.02,0.17,0.2,179.0,270.0
갈치구이,메인 반찬,구이류,100ml,123.5,3.96,9.35,7.32,0.0,0.1,314.0,170.0
갈치조림,메인 반찬,조림류,100ml,76.0,4.67,7.14,3.09,1.68,1.1,297.0,95.0
갈치찌개,국,찌개 및 전골류,100ml,39.0,2.4,3.88,1.56,0.74,0.6,313.0,417.0
갈치튀김,서브 반찬,튀김류,100ml,78.0,1.85,4.59,5.47,0.0,0.1,172.0,100.0
감자 된장국,국,국 및 탕류,100ml,22.0,3.31,1.43,0.32,0.3,0.9,216.0,320.0
감자 호박된장국,국,국 및 탕류,100ml,25.0,3.51,2.12,0.43,0.55,1.4,377.0,320.0
감자구이,메인 반찬,구이류,100ml,123.0,18.18,2.42,4.65,0.0,3.3,1.0,108.0
감자국,국,국 및 탕류,100ml,30.0,4.26,1.49,0.84,0.16,0.8,176.5,280.0
감자밥,밥,밥류,100ml,130.0,28.45,2.45,0.14,0.01,0.7,2.0,261.0
감자볶음,메인 반찬,볶음류,100ml,91.71,11.46,2.43,4.14,1.78,2.14,329.14,124.86
감자샐러드,서브 반찬2,생채·무침류,100ml,132.5,13.38,2.2,8.01,1.72,2.2,659.0,100.5
감자샐러드 샌드위치,서브 반찬,빵 및 과자류,100ml,108.0,13.39,3.07,4.74,2.27,1.3,217.0,380.0
감자스프,국,죽 및 스프류,100ml,100.0,12.06,2.75,4.33,3.25,1.0,20.0,200.0
감자연근튀김,서브 반찬,튀김류,100ml,149.0,22.74,3.82,4.31,0.38,1.8,405.0,155.0
감자전,서브 반찬,전·적 및 부침류,100ml,135.0,16.98,4.15,5.4,0.02,2.2,444.0,119.0
감자조림,메인 반찬,조림류,100ml,132.0,19.78,2.76,4.86,2.3,2.9,323.0,95.0
하이라이스,밥,밥류,100ml,111.0,21.33,2.73,1.29,0.87,0.8,63.0,607.0
함박스테이크,메인 반찬,구이류,100ml,155.0,10.42,17.5,4.08,2.89,0.9,175.0,132.0
해물 된장국,국,국 및 탕류,100ml,38.0,1.94,5.88,0.65,0.66,0.6,319.0,320.0
해물 완자전,서브 반찬,전·적 및 부침류,100ml,206.0,10.64,15.45,10.71,1.85,1.0,147.0,75.0
해물볶음,메인 반찬,볶음류,100ml,133.0,9.22,14.13,4.35,4.06,1.2,409.0,168.0
해물콩나물찜,메인 반찬,찜류,100ml,48.0,4.77,6.34,0.8,0.94,1.2,191.0,129.0
해물파전,서브 반찬,전·적 및 부침류,100ml,142.0,13.44,10.35,4.69,0.95,1.0,94.0,128.0
해파리냉채,서브 반찬2,생채·무침류,100ml,31.0,5.64,1.54,0.46,3.23,0.8,321.0,85.0
햄구이,메인 반찬,구이류,100ml,148.0,1.95,20.22,6.51,1.5,0.0,743.0,61.0
햄버거,서브 반찬,빵 및 과자류,100ml,185.33,17.54,8.21,8.85,2.69,2.27,361.0,262.0
햄부침,서브 반찬,전·적 및 부침류,100ml,221.0,15.58,15.42,10.07,0.79,0.5,412.0,80.0
햄샌드위치,서브 반찬,빵 및 과자류,100ml,192.0,19.19,5.38,10.39,2.16,1.6,289.0,168.0
햄샐러드,서브 반찬2,생채·무침류,100ml,136.0,17.04,4.54,5.59,6.0,1.6,240.0,158.0
햄채소볶음,메인 반찬,볶음류,100ml,68.0,3.82,6.3,3.03,1.99,0.8,335.0,210.0
현미밥,밥,밥류,100ml,120.5,26.03,2.2,0.29,0.1,0.6,2.0,370.0
호떡,서브 반찬,빵 및 과자류,100ml,147.0,20.14,2.72,5.91,4.76,0.9,2.0,104.0
호박 된장국,국,국 및 탕류,100ml,17.0,2.17,1.18,0.41,0.49,0.8,212.0,170.0
호박나물,서브 반찬2,나물·숙채류,100ml,54.0,5.37,1.13,3.4,2.42,2.1,368.0,70.0
호박죽,국,죽 및 스프류,100ml,43.0,9.7,0.81,0.17,2.1,1.1,184.0,270.0
혼합잡곡밥,밥,밥류,100ml,118.0,25.64,2.33,0.22,0.07,0.7,2.0,250.0
홍어회무침,서브 반찬2,생채·무침류,100ml,61.0,6.64,8.26,0.41,2.72,1.4,424.0,136.0
홍합 무국,국,국 및 탕류,100ml,23.0,1.3,2.52,0.85,0.32,0.2,283.0,320.0
홍합 미역국,국,국 및 탕류,100ml,9.0,0.74,1.12,0.25,0.02,0.4,253.0,320.0
홍합 소고기죽,국,죽 및 스프류,100ml,130.0,17.83,6.16,3.33,0.71,0.8,127.0,225.0
홍합국(홍합탕),국,국 및 탕류,100ml,17.0,0.75,2.81,0.24,0.04,0.0,137.0,300.0
회덮밥,밥,밥류,100ml,79.0,14.17,3.81,0.58,1.54,0.6,66.0,698.0
흑미밥,밥,밥류,100ml,119.0,25.63,2.25,0.37,0.18,0.8,1.0,390.0
흰죽,국,죽 및 스프류,100ml,64.0,13.49,1.17,0.28,0.09,0.3,130.0,291.0
